{
  "m_phi_vals": [
    0.3,
    0.75,
    1.2,
    1.6500000000000001,
    2.1,
    2.55,
    3.0
  ],
  "PA_means": [
    0.049999999999999996,
    0.325,
    0.3678571428571428,
    0.425,
    0.5321428571428571,
    0.6178571428571429,
    0.8250000000000001
  ],
  "PA_stds": [
    0.13228756555322954,
    0.020412414523193145,
    0.06408699444616558,
    0.03535533905932737,
    0.012198750911856675,
    0.012198750911856675,
    1.199177923332954e-16
  ],
  "target_PA": 0.5,
  "m_phi_crit": 1.965
}